,precision,recall,f1-score,support
real,0.9123931623931624,0.9510022271714922,0.9312977099236641,449.0
fake,0.9392265193370166,0.8923884514435696,0.9152086137281292,381.0
accuracy,0.9240963855421687,0.9240963855421687,0.9240963855421687,0.9240963855421687
macro avg,0.9258098408650894,0.9216953393075309,0.9232531618258967,830.0
weighted avg,0.924710643110763,0.9240963855421687,0.9239122332363162,830.0
