,precision,recall,f1-score,support
real,0.9295154185022027,0.9398663697104677,0.9346622369878184,449.0
fake,0.9281914893617021,0.916010498687664,0.9220607661822986,381.0
accuracy,0.9289156626506024,0.9289156626506024,0.9289156626506024,0.9289156626506024
macro avg,0.9288534539319524,0.9279384341990659,0.9283615015850585,830.0
weighted avg,0.9289076871738523,0.9289156626506024,0.9288777064132364,830.0
