,precision,recall,f1-score,support
real,0.9119638826185101,0.8997772828507795,0.905829596412556,449.0
fake,0.8837209302325582,0.8976377952755905,0.890625,381.0
accuracy,0.8987951807228916,0.8987951807228916,0.8987951807228916,0.8987951807228916
macro avg,0.8978424064255341,0.898707539063185,0.898227298206278,830.0
weighted avg,0.8989993466437539,0.8987951807228916,0.8988501370954671,830.0
