,precision,recall,f1-score,support
real,0.9199134199134199,0.9465478841870824,0.9330406147091108,449.0
fake,0.9347826086956522,0.9028871391076115,0.9185580774365821,381.0
accuracy,0.9265060240963855,0.9265060240963855,0.9265060240963855,0.9265060240963855
macro avg,0.9273480143045361,0.924717511647347,0.9257993460728464,830.0
weighted avg,0.9267389150050229,0.9265060240963855,0.9263926066358176,830.0
