,precision,recall,f1-score,support
real,0.9316239316239316,0.9710467706013363,0.95092693565976,449.0
fake,0.9640883977900553,0.916010498687664,0.9394347240915208,381.0
accuracy,0.9457831325301205,0.9457831325301205,0.9457831325301205,0.9457831325301205
macro avg,0.9478561647069934,0.9435286346445002,0.9451808298756404,830.0
weighted avg,0.9465262950086222,0.9457831325301205,0.9456515951687973,830.0
